organism,mean plddt,plddt std
human,88.77229790389381,6.50248666865318
ecoli,92.17808599794836,5.881168853795037
